
/* lineofbusiness  seeding */
insert into lineofbusiness(id,name)
values
    ('14be9b1f-2b4a-44d9-b0bf-e12131518a29','Ingénierie logicielle'),
    ('5e9e3533-c0a3-4be5-9fe1-133b077e46b4','Stratégie et performance d''affaires'),
    ('56678a2e-b674-4ebb-8f7e-0ac349aaa23e','Agilité et changement des organisations'),
    ('cf24320d-3bb9-4952-95aa-93e2e5876af7','Direction de projets et de programmes'),
    ('90583a56-378d-4f45-b068-8db9f6f1f3f0','Ingénierie des solutions, des processus et des systèmes'),
    ('e73ec186-d491-4f4c-af71-e4756ceb8e7a','Infonuagique et infrastructure'),
    ('ea8dbf2f-e943-4024-b73d-b74581f4e611','Cybersécurité et risques d''entreprise'),
    ('dacfbaaf-874c-46ff-a878-9a0329c048d5','Progiciel de gestion'),
    ('e3d2d587-eaa9-4e8a-b87d-aa5f7d95a0a2','Données massives, intelligence artificielle et d''affaires');

insert into jobposition (id, name, line_of_business_id, job_parent_id) values
 ('dc47e297-9f11-424a-bafb-6758b433bb19', 'Développeur Java', '14be9b1f-2b4a-44d9-b0bf-e12131518a29', '4fa2d5a2-2539-44ad-90b8-8605583fc640'),
('4fa2d5a2-2539-44ad-90b8-8605583fc640', 'Lead Dev Java', '14be9b1f-2b4a-44d9-b0bf-e12131518a29', 'cfe3bd32-0643-4fb9-8288-cfcee496afba'),
('cfe3bd32-0643-4fb9-8288-cfcee496afba', 'Architecte Java', '14be9b1f-2b4a-44d9-b0bf-e12131518a29', null),
 ('f0af2952-1d36-4964-b9ae-bcd2962ec60a', 'Développeur Java', '14be9b1f-2b4a-44d9-b0bf-e12131518a29', '4fa2d5a2-2539-44ad-90b8-8605583fc640'),
 ('ecf83b0c-8827-4f1c-852a-84fce7c592c3', 'Lead Dev Java', '14be9b1f-2b4a-44d9-b0bf-e12131518a29', 'cfe3bd32-0643-4fb9-8288-cfcee496afba'),
 ('81b10abd-09ab-4e4a-8fc8-9e402a624494', 'Administrateur Système', 'e73ec186-d491-4f4c-af71-e4756ceb8e7a', '083c47cb-add2-45ba-83ca-4e50b3540f49'),
 ('083c47cb-add2-45ba-83ca-4e50b3540f49', 'Lead Système', 'e73ec186-d491-4f4c-af71-e4756ceb8e7a', 'ea3cf8c4-865d-44cf-aa38-241a86e109aa'),
 ('ea3cf8c4-865d-44cf-aa38-241a86e109aa', 'Architecte Système', 'e73ec186-d491-4f4c-af71-e4756ceb8e7a',null),
 ('22b9b84e-4810-49ed-824f-e4c052ef4859', 'Analyste Sécurité', 'ea8dbf2f-e943-4024-b73d-b74581f4e611', '003cb935-d8d0-4a28-8fae-747da8dea688'),
 ('003cb935-d8d0-4a28-8fae-747da8dea688', 'Lead Analyst Sécurité', 'ea8dbf2f-e943-4024-b73d-b74581f4e611', null);

insert into technicaladvisor (id, name, email, actif,levelofexpertise,job_position_id)
values ('28716beb-26f6-4309-ac20-e3d203a8e2d9', 'Sanders Mullin', 'smullin0@cnbc.com', false,0,'dc47e297-9f11-424a-bafb-6758b433bb19'),
('8acb95b5-0a81-4335-ae67-2846848ccecf', 'Roberta Larrad', 'rlarrad1@harvard.edu', true,1,'dc47e297-9f11-424a-bafb-6758b433bb19'),
('54008c41-ff17-467c-8d40-a17ef3092a48', 'Arlene Chaperling', 'achaperling2@whitehouse.gov', true,2,'4fa2d5a2-2539-44ad-90b8-8605583fc640'),
('6c02f1a0-baec-4e69-bc9c-832c81917d5b', 'Hubie Casswell', 'hcasswell3@deviantart.com', true,3,'4fa2d5a2-2539-44ad-90b8-8605583fc640'),
('4023297f-eaac-4b73-8545-078377fb0841', 'Katlin Huish', 'khuish4@ameblo.jp', false,4,'cfe3bd32-0643-4fb9-8288-cfcee496afba'),
('7e81be69-3cba-416f-95bd-e45a513d4b8a', 'Gray Fritter', 'gfritter5@oaic.gov.au', true,0,'cfe3bd32-0643-4fb9-8288-cfcee496afba'),
('db00e2de-e5f8-4c7e-9488-c99fd075f028', 'Weidar Collington', 'wcollington6@webs.com', true,1,'f0af2952-1d36-4964-b9ae-bcd2962ec60a'),
('5769e27f-e682-4dc5-a792-ef3c2f1b5aeb', 'Anett Astin', 'aastin7@domainmarket.com', true,2,'f0af2952-1d36-4964-b9ae-bcd2962ec60a'),
('0173812a-a2b3-4dda-96b8-37f84fdc4c67', 'Antin Whetnall', 'awhetnall8@unc.edu', true,3,'ecf83b0c-8827-4f1c-852a-84fce7c592c3'),
('62d2195d-41b5-46fd-98df-763c96378c38', 'Godard Krol', 'gkrol9@dropbox.com', true,4,'ecf83b0c-8827-4f1c-852a-84fce7c592c3');




insert into interview (id, description, interviewtype, urgent, interview_status, candidate_full_name, jobposition, level_of_expertise, Recruiter_full_name, recruiter_email) values
('d4ce12d3-d0c4-4240-a432-4a4f14233303', 'Chronic postrheumatic arthropathy, unspecified hand', 'Externe', true, 'Highlander', 'Jamie Rickwood', 'Développeur Java', '0', 'Dareen Pheasant', 'dpheasant0@feedburner.com')
                                                                                                                                                                                    ,('21f4303c-323f-4130-a344-102df21114a1', 'Nondisp fx of l tibial spin, 2thQ', 'Externe', false, 'OPEN', 'Mischa Robelow', 'Développeur Java', '4', 'Goldy Scullion', 'gscullion1@shutterfly.com')
                                                                                                                                                                                    ,('40eb0eab-4c0a-4eea-4d2c-2adb21f2d03c', 'Idiopathic gout, unspecified site', 'Externe', false, 'OPEN', 'Camellia Eddis', 'Analyste Sécurité', '0', 'Mischa Mulvy', 'mmulvy2@4shared.com')
                                                                                                                                                                                    ,('feecd340-003a-4a3f-3c0e-2212340ffd00', 'Underdosing of unsp drug/meds/biol subst', 'Interne', false, 'OPEN', 'Frasier Sarver', 'Développeur Java', '3', 'Cris Spinks', 'cspinks3@google.de')
                                                                                                                                                                                    ,('1310fee4-3400-4efa-34ec-0310c410044f', 'Lac w/o fb of r frnt wl of thorax w penet thor cavity, init', 'Externe', true, 'OPEN', 'Stillmann Mingay', 'Lead Analyst Sécurité', '4', 'Sarene Lynd', 'slynd4@blinklist.com')
                                                                                                                                                                                    ,('21442af2-aafc-42b4-4144-1ebc2a4a224e', 'Legal intervnt w injury by explosv shell, bystand inj, sqla', 'Interne', true, 'OPEN', 'Alisha Aronovich', 'Architecte Système', '3', 'Gustav Chilles', 'gchilles0@va.gov')
                                                                                                                                                                                    ,('1b3f3ab3-c3c4-4134-a00d-e0f33bef1432', 'Other and unspecified heterotropia', 'Interne', true, 'OPEN', 'Terence Baxter', 'Administrateur Système', '0', 'Abbey Ballinghall', 'aballinghall1@elpais.com')
                                                                                                                                                                                    ,('403b4c3a-412b-4dda-abe4-3342340b0a43', 'Infection of other part of genital tract in pregnancy', 'Interne', true, 'OPEN', 'Lezlie Reichhardt', 'Lead Analyst Sécurité', '4', 'Jeanette Lambotin', 'jlambotin2@pinterest.com')
                                                                                                                                                                                    ,('bbecd40f-4122-4ae2-44da-11de0cd4f20a', 'Unsp fx lower end of l femur, subs for clos fx w delay heal', 'Externe', false, 'OPEN', 'Eustace Winsiowiecki', 'Lead Analyst Sécurité', '4', 'Rice Wixon', 'rwixon3@state.gov')
                                                                                                                                                                                    ,('4442b1d4-042d-414e-3dd1-d421d4cd0204', 'Benign neoplasm of mediastinum', 'Interne', true, 'OPEN', 'Doria Andras', 'Lead Système', '2', 'Tarah Genders', 'tgenders4@wired.com')
                                                                                                                                                                                    ,('1a31f1b0-b134-4e1f-bd41-4cd2f3bda343', 'Surgical proc, unsp cause abn react/compl, w/o misadvnt', 'Externe', false, 'OPEN', 'Zak Scatchard', 'Lead Analyst Sécurité', '3', 'Fidole Dobbin', 'fdobbina@livejournal.com')
                                                                                                                                                                                    ,('2fa24f23-a214-41a4-4a14-b24ca2e013df', 'Poisoning by oth general anesthetics, self-harm, subs', 'Externe', true, 'OPEN', 'Carl Cappineer', 'Administrateur Système', '2', 'Jeno Fleeming', 'jfleemingb@surveymonkey.com')
                                                                                                                                                                                    ,('4da21411-f21d-4a02-ac3f-ca0c1322e2f1', 'Cerebral ischemia', 'Externe', true, 'OPEN', 'Zola Prichard', 'Lead Dev Java', '0', 'Kissie Blaasch', 'kblaaschc@wufoo.com')
                                                                                                                                                                                    ,('cb22e11a-32dc-433d-4ce3-4422c2f12213', 'Neoplasm of uncertain behavior, unspecified', 'Externe', true, 'OPEN', 'Dollie Ragg', 'Architecte Système', '0', 'Brooks Chantrell', 'bchantrelld@java.com')
                                                                                                                                                                                    ,('1cca30ca-1242-40e2-b302-22ed13f02022', 'Cortical age-related cataract, right eye', 'Interne', true, 'OPEN', 'Franzen Twelve', 'Analyste Sécurité', '2', 'Celle Whapple', 'cwhapplee@examiner.com')
                                                                                                                                                                                    ,('ee112bc1-cb0e-4002-42fa-ae20004d4aa1', 'Androgen insensitivity syndrome, unspecified', 'Externe', false, 'OPEN', 'Raquel McIlvoray', 'Lead Analyst Sécurité', '2', 'Elinore de Guerre', 'edef@paginegialle.it')
                                                                                                                                                                                    ,('aef4ac0d-f110-4c20-b03a-211f12223d1b', 'Pathological gambling', 'Externe', false, 'OPEN', 'Silvanus Brunsen', 'Architecte Java', '0', 'Ad Walcher', 'awalcherg@drupal.org')
                                                                                                                                                                                    ,('eaea4320-0232-4311-31ba-411201cbda04', 'Unspecified injury of thorax, subsequent encounter', 'Interne', true, 'OPEN', 'Jedediah Chartres', 'Analyste Sécurité', '0', 'Nessie Rippingall', 'nrippingallh@jugem.jp')
                                                                                                                                                                                    ,('ee20b223-1220-42c1-bf10-010133041244', 'Typhoid fever, unspecified', 'Externe', true, 'OPEN', 'Elisha Aim', 'Analyste Sécurité', '1', 'Delphinia Truin', 'dtruini@eepurl.com')
                                                                                                                                                                                    ,('12241f01-d223-40c0-3d0f-00b30023e404', 'Sanfilippo mucopolysaccharidoses', 'Externe', true, 'OPEN', 'Zach Menear', 'Architecte Java', '2', 'Yvette Augustus', 'yaugustusj@discovery.com')
                                                                                                                                                                                    ,('41a30d04-c241-4ac2-bb32-f44a02444ea3', 'Disp fx of less trochanter of unsp femr, 2thM', 'Externe', false, 'OPEN', 'Desmond Gateman', 'Développeur Java', '1', 'Rhianna Stockley', 'rstockleyk@purevolume.com')
                                                                                                                                                                                    ,('20df4141-ff4d-4a34-3d3c-1f20012cd4ee', 'Viral hepatitis complicating childbirth', 'Externe', true, 'OPEN', 'Alyson Bodycomb', 'Administrateur Système', '3', 'Kiersten Careless', 'kcarelessl@guardian.co.uk')
                                                                                                                                                                                    ,('f114f4db-ae23-4312-32ad-0a3abf14e44e', 'Placentitis, second trimester, other fetus', 'Externe', false, 'OPEN', 'Diena Hamilton', 'Architecte Système', '4', 'Fredi Spoors', 'fspoorsm@guardian.co.uk')
                                                                                                                                                                                    ,('42333c04-f33c-4124-b432-ba343223333e', 'Disp fx of mid 3rd of navic bone of l wrs, 2thP', 'Interne', true, 'OPEN', 'Pegeen Terris', 'Administrateur Système', '3', 'Rosa Pavlovic', 'rpavlovicn@sciencedaily.com')
                                                                                                                                                                                    ,('00a1402a-00b0-44f4-3424-3feabff2403c', 'Exposure to smoke, fire and flames, undet intent, sequela', 'Externe', true, 'OPEN', 'Pieter Tomaszek', 'Développeur Java', '0', 'Nollie Poschel', 'nposchelo@chicagotribune.com')
                                                                                                                                                                                    ,('e22bc0bf-c40a-4a22-3cbf-4001f2d4ce2e', 'Drug/chem diab with mod nonp rtnop without mclr edema, r eye', 'Externe', false, 'OPEN', 'Drake Caldroni', 'Architecte Java', '0', 'Obie Hundall', 'ohundallp@bloglovin.com')
                                                                                                                                                                                    ,('d01e03ea-414d-4313-4c44-342202010cda', 'Contracture, right elbow', 'Interne', false, 'OPEN', 'Leann Father', 'Développeur Java', '2', 'Thibaud Mackro', 'tmackroq@independent.co.uk')
                                                                                                                                                                                    ,('a41a4a3c-0d11-4a41-babd-4be22442130d', 'Term delivery with preterm labor, unsp trimester, fetus 0', 'Externe', true, 'OPEN', 'Natalie Mahaddie', 'Lead Système', '1', 'Torrence Rivalant', 'trivalantr@pagesperso-orange.fr')
                                                                                                                                                                                    ,('d101a320-2df3-4001-a442-f4b31b4d2003', 'Anterior corneal pigmentations', 'Interne', false, 'OPEN', 'Ernesta Leddie', 'Développeur Java', '2', 'Sara-ann Dict', 'sdicts@google.pl')
                                                                                                                                                                                    ,('abf20f3c-4b3b-400a-4c04-e2ecb2c223a1', 'Major laceration of right carotid artery', 'Externe', true, 'OPEN', 'Shell Kittley', 'Lead Dev Java', '4', 'Saundra Rous', 'sroust@nymag.com')
                                                                                                                                                                                    ,('20cb2443-2e13-4100-a102-3aacb03b3b41', 'Adverse effect of antiparkns drug/centr musc-tone depr, init', 'Externe', false, 'OPEN', 'Broddy Gregolin', 'Développeur Java', '1', 'Zebadiah Yurin', 'zyurinu@bbc.co.uk')
                                                                                                                                                                                    ,('cbb32411-14ee-41ce-b3e0-001b043a1df4', 'Nondisp fx of medial phalanx of r rng fngr, init for opn fx', 'Externe', true, 'OPEN', 'Elspeth Hartmann', 'Architecte Java', '1', 'Marco Abrahmer', 'mabrahmerv@hugedomains.com')
                                                                                                                                                                                    ,('20a1bb3c-0f4d-40f4-b3ca-fa0a30402f03', 'External constriction of unspecified hand', 'Externe', true, 'OPEN', 'Ermina Legge', 'Lead Dev Java', '1', 'Jethro Cathesyed', 'jcathesyedw@ustream.tv')
                                                                                                                                                                                    ,('313e4220-1313-4b02-4401-b01f2310b00d', 'Non-pressure chronic ulcer of left calf w necrosis of bone', 'Externe', true, 'OPEN', 'Donica Anten', 'Administrateur Système', '4', 'Judy Whye', 'jwhyex@arstechnica.com')
                                                                                                                                                                                    ,('a1f21f0c-41a1-41b0-3b1f-0334ebc24143', 'Other rupture of muscle (nontraumatic), left shoulder', 'Externe', true, 'OPEN', 'Brit Girvin', 'Lead Dev Java', '4', 'Arly Emerton', 'aemertony@cnn.com')
                                                                                                                                                                                    ,('30bd4dc3-0de4-41a3-33d3-20efbe0ea321', 'Laceration of msl/tnd of back wall of thorax, sequela', 'Externe', true, 'OPEN', 'Amara Horick', 'Développeur Java', '1', 'Eolanda Brisard', 'ebrisardz@lulu.com')
                                                                                                                                                                                    ,('ff2b2b11-4d00-4422-b2f1-0222233f0ea4', 'Nondisp fx of coronoid pro of l ulna, 2thM', 'Externe', false, 'OPEN', 'Remy Eddisforth', 'Lead Système', '4', 'Galven Bondy', 'gbondy10@businesswire.com')
                                                                                                                                                                                    ,('c324f3bf-2cad-4234-4e10-323c3a344bbe', 'Osteitis deformans in neoplastic diseases, multiple sites', 'Externe', true, 'OPEN', 'Sayers Peek', 'Lead Analyst Sécurité', '1', 'Jonie Kiessel', 'jkiessel11@homestead.com')
                                                                                                                                                                                    ,('b0231023-c3bb-4caf-433a-3e1d42212331', 'Unsp fracture of T2-T3 vertebra, init for opn fx', 'Externe', false, 'OPEN', 'Virginia Crippell', 'Architecte Système', '1', 'Brendon Breit', 'bbreit12@buzzfeed.com')
                                                                                                                                                                                    ,('41030322-ad40-4021-4020-32dc302d1d2a', 'External constriction of left index finger', 'Externe', false, 'OPEN', 'Matty Shuard', 'Architecte Système', '2', 'Candis Hebden', 'chebden13@qq.com')
                                                                                                                                                                                    ,('444da013-042c-4102-4224-23114ae31f01', 'Laceration of dorsal artery of right foot, sequela', 'Externe', false, 'OPEN', 'Milzie Giroldi', 'Lead Dev Java', '1', 'Angela Ruit', 'aruit14@forbes.com')
                                                                                                                                                                                    ,('b0ca1023-200d-4f10-4c40-baa2db141022', 'Poisoning by antiallerg/antiemetic, undetermined, init', 'Externe', false, 'OPEN', 'Georgianne Lawly', 'Développeur Java', '4', 'Val McIlvaney', 'vmcilvaney10@wsj.com')
                                                                                                                                                                                    ,('c00a1122-101e-40b1-3d2f-3d34c2bca134', 'Fibrosis due to vascular prosth dev/grft, initial encounter', 'Interne', false, 'OPEN', 'Christel Lambertz', 'Analyste Sécurité', '2', 'Abdel Bulbeck', 'abulbeck11@unicef.org')
                                                                                                                                                                                    ,('0be1413c-411c-43ec-4013-eccedc032fdd', 'Toxic effect of mycotoxin food contamnt, undet, sequela', 'Externe', false, 'OPEN', 'Farra Oldroyd', 'Lead Analyst Sécurité', '1', 'Vinita Yushankin', 'vyushankin12@ihg.com')
                                                                                                                                                                                    ,('bfa3033a-d324-4f0e-b032-3d10a23ec4cb', 'Fracture of lumbar spine and pelvis', 'Externe', true, 'OPEN', 'Candace Allwell', 'Développeur Java', '3', 'Tansy Simmance', 'tsimmance13@wp.com')
                                                                                                                                                                                    ,('033ef3ed-a401-44cd-4ce3-4b313b041232', 'Fracture of unsp carpal bone, unsp wrist, init for opn fx', 'Externe', true, 'OPEN', 'Johan Parffrey', 'Administrateur Système', '3', 'Thibaud Tremeer', 'ttremeer14@chron.com')
                                                                                                                                                                                    ,('1f413a03-4212-443a-3433-fb1a1133f0e4', 'Lac w/o fb of abd wall, l upr q w penet perit cav, subs', 'Externe', false, 'OPEN', 'Mike Lait', 'Développeur Java', '2', 'Teirtza Balser', 'tbalser1a@delicious.com')
                                                                                                                                                                                    ,('101ec024-3c00-4a22-4f43-4ffebae2d0cb', 'Path fx in neopltc dis, left rad, subs for fx w delay heal', 'Interne', true, 'OPEN', 'Dietrich Miettinen', 'Administrateur Système', '4', 'Rosanne Barense', 'rbarense1b@dmoz.org')
                                                                                                                                                                                    ,('bc02a1b1-0f44-40e3-a411-11ffa1fbafab', 'Unsp injury of unsp part of small intestine, init encntr', 'Externe', true, 'OPEN', 'Anette Aspall', 'Lead Système', '0', 'Kristina Cuphus', 'kcuphus1c@i2i.jp')
                                                                                                                                                                                    ,('d44f13b1-4eef-4b14-a333-13e12c34012a', 'Struck by pig, subsequent encounter', 'Interne', false, 'OPEN', 'Bev Turford', 'Développeur Java', '4', 'Bondon Pound', 'bpound1d@ftc.gov')
                                                                                                                                                                                    ,('b2423444-341b-43a1-b402-31d334de11fc', 'Leakage of infusion catheter, subsequent encounter', 'Externe', true, 'OPEN', 'Carola Stainfield', 'Lead Dev Java', '1', 'Abba Muncie', 'amuncie1e@freewebs.com')
                                                                                                                                                                                    ,('21333203-31e0-4db1-bbdd-c33db1d0a3ae', 'Poisoning by other viral vaccines, undetermined, sequela', 'Interne', true, 'OPEN', 'Norah Rebeiro', 'Lead Analyst Sécurité', '3', 'Warden De Bischop', 'wde1f@biglobe.ne.jp')
                                                                                                                                                                                    ,('2a0140c2-2bf2-4dcb-b20b-ef420ec02b14', 'Toxic effect of rodenticides, undetermined, subs encntr', 'Externe', false, 'OPEN', 'Arlena Manuaud', 'Administrateur Système', '4', 'Tome Tippetts', 'ttippetts1g@uiuc.edu')
                                                                                                                                                                                    ,('ca12ae1d-33c3-422b-af3d-f311303ec1de', 'Stable burst fx first thor vertebra, init for opn fx', 'Externe', true, 'OPEN', 'Shirley Vickerman', 'Lead Analyst Sécurité', '2', 'Lauren Bruinemann', 'lbruinemann1h@over-blog.com')
                                                                                                                                                                                    ,('f231f3bf-d24a-420e-a2f1-4033221320e1', 'Unspecified open wound of cheek and temporomandibular area', 'Interne', true, 'OPEN', 'Tawnya Defew', 'Lead Système', '1', 'Saunderson Yexley', 'syexley1i@jigsy.com')
                                                                                                                                                                                    ,('3d41c110-ced1-4441-abeb-0a223430aa3e', 'Spacecraft collision injuring occupant, subsequent encounter', 'Externe', true, 'OPEN', 'Letisha Ouldcott', 'Lead Système', '0', 'Nannie Betteridge', 'nbetteridge1j@pbs.org')
                                                                                                                                                                                    ,('e3a4fcbe-302e-403b-a442-3c2ae4c24f12', 'Age-rel osteopor w crnt path fx, unsp low leg, 2thK', 'Externe', true, 'OPEN', 'Calvin Juszkiewicz', 'Lead Système', '4', 'Falkner Mc Caughan', 'fmc1k@bloglines.com')
                                                                                                                                                                                    ,('c0232e13-c20c-4004-441e-b41faa12abbe', 'Calcaneal spur', 'Interne', false, 'OPEN', 'Pascale Eustice', 'Analyste Sécurité', '4', 'Vernor Measures', 'vmeasures1l@ameblo.jp')
                                                                                                                                                                                    ,('e11a0ebd-2dd3-412c-b242-fa14302f034f', 'Poisoning by aminoglycosides, undetermined, init encntr', 'Externe', false, 'OPEN', 'Kalle Ledgley', 'Architecte Java', '1', 'Elinor Tarbath', 'etarbath1m@globo.com')
                                                                                                                                                                                    ,('224a1da2-cc41-4b0a-ae00-df310120b0b2', 'Milt op involving firearms pellets, military personnel, init', 'Externe', false, 'OPEN', 'Alaine Trye', 'Lead Analyst Sécurité', '2', 'Addy Holson', 'aholson1n@tuttocitta.it')
                                                                                                                                                                                    ,('c0f3e44e-30bc-4b0e-30e4-dee0a21e130e', 'Contact with hot food, initial encounter', 'Externe', true, 'OPEN', 'Damon Pietesch', 'Développeur Java', '4', 'Yolane Cranmere', 'ycranmere1o@surveymonkey.com')
                                                                                                                                                                                    ,('1202f04a-410b-430f-b3f3-e1142f3e442e', 'Schizoaffective disorder, depressive type', 'Interne', true, 'OPEN', 'Lilyan Moubray', 'Lead Dev Java', '4', 'Filmer MacIan', 'fmacian1p@1und1.de')
                                                                                                                                                                                    ,('3c2a041d-b130-4b23-4322-21033442c2d4', 'Ring staphyloma', 'Interne', false, 'OPEN', 'Tabbie Insall', 'Analyste Sécurité', '1', 'Adrianne Pettet', 'apettet1q@tuttocitta.it')
                                                                                                                                                                                    ,('c224a2c1-40f4-4f20-ba4d-c422e2aae012', 'Nondisp seg fx shaft of l fibula, 2thR', 'Externe', false, 'OPEN', 'Aimil Everall', 'Architecte Java', '0', 'Doroteya Garrick', 'dgarrick1r@merriam-webster.com')
                                                                                                                                                                                    ,('12a0dff1-01fc-424d-3d02-dfb330d11211', 'Disp fx of coronoid pro of unsp ulna, 2thM', 'Externe', true, 'OPEN', 'Ado Mackerness', 'Lead Système', '1', 'Ingelbert Bignal', 'ibignal1s@homestead.com')
                                                                                                                                                                                    ,('0cd142ca-3d13-4043-4012-230b32f23a04', 'Traumatic rupture of unsp radiocarpal ligament, subs encntr', 'Externe', true, 'OPEN', 'Bonnee Patey', 'Lead Analyst Sécurité', '3', 'Kathlin Thredder', 'kthredder1t@usnews.com')
                                                                                                                                                                                    ,('134e43ac-a1a4-40a0-4230-2f1b10b1e124', 'Inj flexor musc/fasc/tend r little finger at forarm lv, subs', 'Externe', false, 'OPEN', 'Ella Hentzer', 'Administrateur Système', '3', 'Meriel Triggol', 'mtriggol1u@bluehost.com')
                                                                                                                                                                                    ,('2f4dbac3-e3aa-414c-342b-4ce22a4300ed', 'Unsp inj unsp blood vess at ank/ft level, left leg, init', 'Externe', false, 'OPEN', 'Delaney Drinkall', 'Lead Dev Java', '0', 'Vincent Poppleton', 'vpoppleton1v@china.com.cn')
                                                                                                                                                                                    ,('ae00eae3-aef3-4d4e-3220-130d3c13a0c1', 'Maternal care for fetal problem, unsp, third tri, fetus 2', 'Externe', true, 'OPEN', 'Alyosha Turford', 'Lead Analyst Sécurité', '0', 'Ingamar Curless', 'icurless1w@hatena.ne.jp')
                                                                                                                                                                                    ,('b4a4421d-dbd1-4241-4cd0-1af2fdc40042', 'Fx l shoulder girdle, part unsp, subs for fx w nonunion', 'Externe', false, 'OPEN', 'Zacherie Hedling', 'Lead Analyst Sécurité', '4', 'Kiersten Lawerence', 'klawerence1x@columbia.edu')
                                                                                                                                                                                    ,('2c1eb131-cb1f-43ea-402d-40cdcb1001c3', 'Lacerat blood vessels at hip and thi lev, right leg, init', 'Interne', true, 'OPEN', 'Langston Learoid', 'Administrateur Système', '3', 'Mirna Beeching', 'mbeeching1y@archive.org')
                                                                                                                                                                                    ,('bdd112b4-4422-4f21-bcf3-0ad2204eb2ca', 'Disp fx of neck of right talus, subs for fx w routn heal', 'Interne', false, 'OPEN', 'Gorden Kearford', 'Lead Dev Java', '4', 'Mariam Laminman', 'mlaminman1z@sohu.com')
                                                                                                                                                                                    ,('d0e111c2-2224-4441-4d0a-4b2bc4f0c4fe', 'Pathological fracture in neoplastic disease, left ulna, init', 'Externe', false, 'OPEN', 'Akim Diggles', 'Lead Analyst Sécurité', '3', 'Chaddie Thaxton', 'cthaxton20@wikispaces.com')
                                                                                                                                                                                    ,('c1f02100-2ced-4cda-b023-443f320af0db', 'Pressure ulcer of right hip, stage 3', 'Interne', false, 'OPEN', 'Allyn Dabernott', 'Lead Analyst Sécurité', '1', 'Kaitlyn Simmons', 'ksimmons21@uiuc.edu')
                                                                                                                                                                                    ,('0b01de14-bccf-40af-b141-23d3f1012d4e', 'Unsp traum nondisp spondylolysis of 2nd cervcal vert, sqla', 'Interne', true, 'OPEN', 'Jesus Bohlje', 'Lead Système', '3', 'Wolf Fildes', 'wfildes22@angelfire.com')
                                                                                                                                                                                    ,('3e0422a4-ce10-4b22-b414-2d333a4b2f03', 'Traum subdr hem w LOC w death due to oth cause bef reg consc', 'Externe', true, 'OPEN', 'Chiquita Pollak', 'Administrateur Système', '3', 'Rasia Blythe', 'rblythe23@stanford.edu')
                                                                                                                                                                                    ,('0201b124-c10b-4c1b-4d44-42303c0044b0', 'Unstbl burst fx unsp thor vertebra, subs for fx w routn heal', 'Interne', true, 'OPEN', 'Jarrad Sainthill', 'Lead Dev Java', '4', 'Kimberlee Foux', 'kfoux24@ox.ac.uk')
                                                                                                                                                                                    ,('0ebd4f23-2033-4332-40c3-0003c2acad30', 'Occup of dune buggy injured in traffic accident, sequela', 'Externe', true, 'OPEN', 'Missie Dissman', 'Lead Dev Java', '1', 'Gilda Billiard', 'gbilliard20@sun.com')
                                                                                                                                                                                    ,('fe03a33b-d020-4314-3a3a-01f24f1f3d11', 'Foreign body in mouth', 'Interne', false, 'OPEN', 'Merilyn Ruhben', 'Lead Système', '1', 'Salomon Denison', 'sdenison21@histats.com')
                                                                                                                                                                                    ,('02d1d001-32e2-41a0-bac1-4cd44bd0ead2', 'Toxic effect of ketones, assault, initial encounter', 'Externe', true, 'OPEN', 'Elfreda Speakman', 'Lead Analyst Sécurité', '1', 'Ely Sarfass', 'esarfass22@goo.ne.jp')
                                                                                                                                                                                    ,('2424433c-0a4a-4303-4024-324c313041e1', 'Minor laceration of inferior vena cava, sequela', 'Externe', true, 'OPEN', 'Huntington Melchior', 'Développeur Java', '4', 'Marcille Pieroni', 'mpieroni23@ebay.com')
                                                                                                                                                                                    ,('24a2bd32-4024-4e3b-3130-afc41c0432d3', 'Disp fx of olecran pro w intartic extn unsp ulna, 2thE', 'Externe', false, 'OPEN', 'Kinny Darben', 'Architecte Système', '4', 'Kory Ormesher', 'kormesher24@omniture.com')
                                                                                                                                                                                    ,('d1c111e3-deb1-41d4-bbc2-12ac20f0cbab', 'Other specified pleural conditions', 'Interne', false, 'OPEN', 'Sheridan Lavin', 'Lead Analyst Sécurité', '2', 'Rachael Lode', 'rlode2a@310.cn')
                                                                                                                                                                                    ,('0be34323-3d13-4b43-aa24-224bbee0f400', 'Nondisp fx of nk of l rad, 2thN', 'Externe', false, 'OPEN', 'Jamey Buzine', 'Lead Analyst Sécurité', '2', 'Katharine Fante', 'kfante2b@cbsnews.com')
                                                                                                                                                                                    ,('0be4430f-e103-401e-4020-224c4c344fb0', 'Unsp fracture of right acetabulum, subs for fx w delay heal', 'Interne', false, 'OPEN', 'Latia Stutt', 'Architecte Système', '4', 'Ferrell Rheam', 'frheam2c@chronoengine.com')
                                                                                                                                                                                    ,('0f42f221-0c31-4e41-afba-ea2e11dfa20a', 'Interstitial myositis, lower leg', 'Interne', false, 'OPEN', 'Hildegarde Toms', 'Développeur Java', '1', 'Gertrud Medley', 'gmedley2d@msn.com')
                                                                                                                                                                                    ,('b43fb3a0-4414-44c2-ab11-43c420212033', 'Nondisp subtrochnt fx l femur, subs for clos fx w delay heal', 'Externe', false, 'OPEN', 'Godiva Ligoe', 'Administrateur Système', '4', 'Evaleen Vaskov', 'evaskov2e@com.com')
                                                                                                                                                                                    ,('bd13e24b-41b0-4e2f-3c1e-0ef1ff33c2b4', 'Unsp opn wnd unsp bk wl of thorax w penet thor cavity, sqla', 'Externe', false, 'OPEN', 'Baudoin Gascoigne', 'Architecte Système', '3', 'Roxine Blare', 'rblare2f@mashable.com')
                                                                                                                                                                                    ,('114202f2-cec0-440e-3413-410112c0ed1e', 'Coma scale, best motor response, obeys commands, admit', 'Interne', false, 'OPEN', 'Quinn Snoxill', 'Administrateur Système', '3', 'Gabie Pietruszka', 'gpietruszka2g@slate.com')
                                                                                                                                                                                    ,('04033243-3b44-4413-4e32-40141c1aa4c3', 'Transient synovitis, right elbow', 'Externe', true, 'OPEN', 'Margo Rushman', 'Lead Analyst Sécurité', '3', 'Sophia Gonsalvo', 'sgonsalvo2h@fema.gov')
                                                                                                                                                                                    ,('2da141ba-001f-4ef4-42af-4122b1b332f3', 'Nondisp fx of 1st metatarsal bone, unsp ft, 2thG', 'Interne', true, 'OPEN', 'Jeffry People', 'Analyste Sécurité', '1', 'Ethan Wickman', 'ewickman2i@earthlink.net')
                                                                                                                                                                                    ,('42aec131-fda2-40d3-a3ec-b2a23ab30fb0', 'Unspecified injury of right middle and inner ear, sequela', 'Interne', true, 'OPEN', 'Roxana Conkey', 'Lead Système', '4', 'Elberta Winchcombe', 'ewinchcombe2j@ovh.net')
                                                                                                                                                                                    ,('d0db11fb-0433-403a-3222-fdd03a412200', 'Inj flexor musc/fasc/tend r rng fngr at forearm level, subs', 'Interne', true, 'OPEN', 'Matelda Casajuana', 'Lead Analyst Sécurité', '2', 'Heda Hinckesman', 'hhinckesman2k@apache.org')
                                                                                                                                                                                    ,('d4303001-2121-4241-43ad-2bca4f2aea22', 'Displaced Maisonneuve''s fracture of left leg, init', 'Externe', true, 'OPEN', 'Clementine Hubbis', 'Architecte Système', '0', 'Gustaf Chason', 'gchason2l@google.ru')
                                                                                                                                                                                    ,('4140efbe-4132-43ee-42d1-0b4bacc21e33', 'Other abnormal immunological findings in serum', 'Externe', false, 'OPEN', 'Petronilla Essberger', 'Lead Système', '1', 'Andra Payfoot', 'apayfoot2m@auda.org.au')
                                                                                                                                                                                    ,('230d1a10-cd01-440e-b4b2-ff2ff21ec414', 'Toxic effect of zinc and its compounds, assault, init encntr', 'Interne', true, 'OPEN', 'Mel Heathwood', 'Lead Dev Java', '1', 'Yolanthe Elphinstone', 'yelphinstone2n@netscape.com')
                                                                                                                                                                                    ,('ba4b02da-3ab3-44fb-4f4f-bff0030333c3', 'War operations involving flamethrower, milt, subs', 'Externe', false, 'OPEN', 'Minni Girardeau', 'Analyste Sécurité', '4', 'Barry Lovitt', 'blovitt2o@parallels.com')
                                                                                                                                                                                    ,('2b0f4c0c-c10b-40b1-bffc-cebfe3fcb4d2', 'Intestinal malabsorption, unspecified', 'Externe', false, 'OPEN', 'Eve Bernet', 'Administrateur Système', '3', 'Dre Scatchar', 'dscatchar2p@bloglovin.com')
                                                                                                                                                                                    ,('f233a031-0023-42da-434e-043f2a43c423', 'Oth exposure to controlled fire, not in bldg, init', 'Externe', true, 'OPEN', 'Xever Cullingworth', 'Analyste Sécurité', '1', 'Marlane Fryers', 'mfryers2q@ameblo.jp')
                                                                                                                                                                                    ,('20cac14f-4434-402a-af31-22c401bfa312', 'Ulcerative colitis, unspecified with intestinal obstruction', 'Externe', true, 'OPEN', 'Evered Grimble', 'Architecte Système', '4', 'Layney Bruinsma', 'lbruinsma2r@nhs.uk');

Create VIEW technical_advisor_skill AS
select tec.levelofexpertise levelofexpertiseskill ,
       tec.job_position_id,tec.id technical_advisor_id,job.name job_name, job.line_of_business_id,
       job.job_parent_id, tec.name technicaladvisorname, tec.email technicaladvisoremail, tec.actif technicaladvisoractif
From jobposition job inner join technicaladvisor tec ON job.id=tec.job_position_id;